"filename", "language", "TypeScript", "JSON", "JSON with Comments", "Shell Script", "MS SQL", "YAML", "JavaScript", "Markdown", "TypeScript JSX", "XML", "PostCSS", "HTML", "Log", "comment", "blank", "total"
"c:\Users\dell\Documents\AqwaValley\.github\workflows\dispatch-emails-cron.yml", "YAML", 0, 0, 0, 0, 0, 29, 0, 0, 0, 0, 0, 0, 0, 12, 8, 49
"c:\Users\dell\Documents\AqwaValley\README.md", "Markdown", 0, 0, 0, 0, 0, 0, 0, 18, 0, 0, 0, 0, 0, 0, 12, 30
"c:\Users\dell\Documents\AqwaValley\__checks__\api.check.ts", "TypeScript", 33, 0, 0, 0, 0, 0, 0, 0, 0, 0, 0, 0, 0, 15, 4, 52
"c:\Users\dell\Documents\AqwaValley\__checks__\heartbeat.check.ts", "TypeScript", 9, 0, 0, 0, 0, 0, 0, 0, 0, 0, 0, 0, 0, 5, 3, 17
"c:\Users\dell\Documents\AqwaValley\__checks__\homepage.spec.ts", "TypeScript", 7, 0, 0, 0, 0, 0, 0, 0, 0, 0, 0, 0, 0, 4, 3, 14
"c:\Users\dell\Documents\AqwaValley\__checks__\url.check.ts", "TypeScript", 13, 0, 0, 0, 0, 0, 0, 0, 0, 0, 0, 0, 0, 2, 3, 18
"c:\Users\dell\Documents\AqwaValley\checkly.config.ts", "TypeScript", 39, 0, 0, 0, 0, 0, 0, 0, 0, 0, 0, 0, 0, 27, 3, 69
"c:\Users\dell\Documents\AqwaValley\docs\ai-irrigation-plan.md", "Markdown", 0, 0, 0, 0, 0, 0, 0, 723, 0, 0, 0, 0, 0, 0, 193, 916
"c:\Users\dell\Documents\AqwaValley\docs\aquifer-forecast-engine-engineering-spec.md", "Markdown", 0, 0, 0, 0, 0, 0, 0, 259, 0, 0, 0, 0, 0, 0, 81, 340
"c:\Users\dell\Documents\AqwaValley\docs\aquifer-forecast-engine-professional-plan.md", "Markdown", 0, 0, 0, 0, 0, 0, 0, 474, 0, 0, 0, 0, 0, 0, 175, 649
"c:\Users\dell\Documents\AqwaValley\docs\ingest-endpoints-and-cron.md", "Markdown", 0, 0, 0, 0, 0, 0, 0, 186, 0, 0, 0, 0, 0, 0, 84, 270
"c:\Users\dell\Documents\AqwaValley\docs\irrigation-trigger-simulation-production-plan.md", "Markdown", 0, 0, 0, 0, 0, 0, 0, 867, 0, 0, 0, 0, 0, 0, 357, 1224
"c:\Users\dell\Documents\AqwaValley\docs\quota-service-runtime-behavior.md", "Markdown", 0, 0, 0, 0, 0, 0, 0, 93, 0, 0, 0, 0, 0, 0, 46, 139
"c:\Users\dell\Documents\AqwaValley\docs\sensor-ingest-cycle.md", "Markdown", 0, 0, 0, 0, 0, 0, 0, 165, 0, 0, 0, 0, 0, 0, 53, 218
"c:\Users\dell\Documents\AqwaValley\drizzle.config.ts", "TypeScript", 10, 0, 0, 0, 0, 0, 0, 0, 0, 0, 0, 0, 0, 0, 3, 13
"c:\Users\dell\Documents\AqwaValley\drizzle\0000_conscious_gravity.sql", "MS SQL", 0, 0, 0, 0, 328, 0, 0, 0, 0, 0, 0, 0, 0, 22, 0, 350
"c:\Users\dell\Documents\AqwaValley\drizzle\0001_lively_stardust.sql", "MS SQL", 0, 0, 0, 0, 10, 0, 0, 0, 0, 0, 0, 0, 0, 1, 0, 11
"c:\Users\dell\Documents\AqwaValley\drizzle\0002_quota_foundation.sql", "MS SQL", 0, 0, 0, 0, 140, 0, 0, 0, 0, 0, 0, 0, 0, 21, 0, 161
"c:\Users\dell\Documents\AqwaValley\drizzle\0003_panoramic_barracuda.sql", "MS SQL", 0, 0, 0, 0, 21, 0, 0, 0, 0, 0, 0, 0, 0, 1, 0, 22
"c:\Users\dell\Documents\AqwaValley\drizzle\0004_irrigation_trigger_simulation.sql", "MS SQL", 0, 0, 0, 0, 104, 0, 0, 0, 0, 0, 0, 0, 0, 0, 12, 116
"c:\Users\dell\Documents\AqwaValley\drizzle\0005_replay_diff_runtime.sql", "MS SQL", 0, 0, 0, 0, 25, 0, 0, 0, 0, 0, 0, 0, 0, 0, 2, 27
"c:\Users\dell\Documents\AqwaValley\drizzle\0006_remarkable_killraven.sql", "MS SQL", 0, 0, 0, 0, 114, 0, 0, 0, 0, 0, 0, 0, 0, 4, 0, 118
"c:\Users\dell\Documents\AqwaValley\drizzle\0007_groovy_run_discriminator.sql", "MS SQL", 0, 0, 0, 0, 4, 0, 0, 0, 0, 0, 0, 0, 0, 0, 1, 5
"c:\Users\dell\Documents\AqwaValley\drizzle\0008_aquifer_forecast_foundation.sql", "MS SQL", 0, 0, 0, 0, 187, 0, 0, 0, 0, 0, 0, 0, 0, 0, 21, 208
"c:\Users\dell\Documents\AqwaValley\drizzle\0009_aquifer_lineage_and_eligibility.sql", "MS SQL", 0, 0, 0, 0, 6, 0, 0, 0, 0, 0, 0, 0, 0, 0, 1, 7
"c:\Users\dell\Documents\AqwaValley\drizzle\0010_email_audit_provider_message_id_index.sql", "MS SQL", 0, 0, 0, 0, 1, 0, 0, 0, 0, 0, 0, 0, 0, 0, 1, 2
"c:\Users\dell\Documents\AqwaValley\drizzle\meta\0000_snapshot.json", "JSON", 0, 2642, 0, 0, 0, 0, 0, 0, 0, 0, 0, 0, 0, 0, 1, 2643
"c:\Users\dell\Documents\AqwaValley\drizzle\meta\0001_snapshot.json", "JSON", 0, 2914, 0, 0, 0, 0, 0, 0, 0, 0, 0, 0, 0, 0, 0, 2914
"c:\Users\dell\Documents\AqwaValley\drizzle\meta\0003_snapshot.json", "JSON", 0, 4085, 0, 0, 0, 0, 0, 0, 0, 0, 0, 0, 0, 0, 0, 4085
"c:\Users\dell\Documents\AqwaValley\drizzle\meta\0006_snapshot.json", "JSON", 0, 5054, 0, 0, 0, 0, 0, 0, 0, 0, 0, 0, 0, 0, 0, 5054
"c:\Users\dell\Documents\AqwaValley\drizzle\meta\_journal.json", "JSON", 0, 76, 0, 0, 0, 0, 0, 0, 0, 0, 0, 0, 0, 0, 1, 77
"c:\Users\dell\Documents\AqwaValley\eslint.config.js", "JavaScript", 0, 0, 0, 0, 0, 0, 58, 0, 0, 0, 0, 0, 0, 1, 3, 62
"c:\Users\dell\Documents\AqwaValley\next.config.js", "JavaScript", 0, 0, 0, 0, 0, 0, 16, 0, 0, 0, 0, 0, 0, 17, 9, 42
"c:\Users\dell\Documents\AqwaValley\package-lock.json", "JSON", 0, 9279, 0, 0, 0, 0, 0, 0, 0, 0, 0, 0, 0, 0, 1, 9280
"c:\Users\dell\Documents\AqwaValley\package.json", "JSON", 0, 96, 0, 0, 0, 0, 0, 0, 0, 0, 0, 0, 0, 0, 1, 97
"c:\Users\dell\Documents\AqwaValley\playwright.config.ts", "TypeScript", 7, 0, 0, 0, 0, 0, 0, 0, 0, 0, 0, 0, 0, 0, 2, 9
"c:\Users\dell\Documents\AqwaValley\pnpm-lock.yaml", "YAML", 0, 0, 0, 0, 0, 8007, 0, 0, 0, 0, 0, 0, 0, 0, 2082, 10089
"c:\Users\dell\Documents\AqwaValley\postcss.config.js", "JavaScript", 0, 0, 0, 0, 0, 0, 5, 0, 0, 0, 0, 0, 0, 0, 1, 6
"c:\Users\dell\Documents\AqwaValley\prettier.config.js", "JavaScript", 0, 0, 0, 0, 0, 0, 3, 0, 0, 0, 0, 0, 0, 1, 1, 5
"c:\Users\dell\Documents\AqwaValley\public\svg\alert-circle.svg", "XML", 0, 0, 0, 0, 0, 0, 0, 0, 0, 3, 0, 0, 0, 0, 1, 4
"c:\Users\dell\Documents\AqwaValley\public\svg\map-empty.svg", "XML", 0, 0, 0, 0, 0, 0, 0, 0, 0, 3, 0, 0, 0, 0, 1, 4
"c:\Users\dell\Documents\AqwaValley\public\svg\oasis-marker.svg", "XML", 0, 0, 0, 0, 0, 0, 0, 0, 0, 4, 0, 0, 0, 0, 1, 5
"c:\Users\dell\Documents\AqwaValley\scripts\baseline-drizzle-migrations.ts", "TypeScript", 84, 0, 0, 0, 0, 0, 0, 0, 0, 0, 0, 0, 0, 0, 14, 98
"c:\Users\dell\Documents\AqwaValley\scripts\env-loader.mjs", "JavaScript", 0, 0, 0, 0, 0, 0, 23, 0, 0, 0, 0, 0, 0, 0, 3, 26
"c:\Users\dell\Documents\AqwaValley\scripts\inspect-api-key.ts", "TypeScript", 72, 0, 0, 0, 0, 0, 0, 0, 0, 0, 0, 0, 0, 0, 14, 86
"c:\Users\dell\Documents\AqwaValley\scripts\mock-simulator.ts", "TypeScript", 161, 0, 0, 0, 0, 0, 0, 0, 0, 0, 0, 0, 0, 37, 31, 229
"c:\Users\dell\Documents\AqwaValley\scripts\seed.ts", "TypeScript", 1102, 0, 0, 0, 0, 0, 0, 0, 0, 0, 0, 0, 0, 15, 105, 1222
"c:\Users\dell\Documents\AqwaValley\scripts\setup-timescaledb.mjs", "JavaScript", 0, 0, 0, 0, 0, 0, 23, 0, 0, 0, 0, 0, 0, 0, 6, 29
"c:\Users\dell\Documents\AqwaValley\scripts\setup-timescaledb.sql", "MS SQL", 0, 0, 0, 0, 50, 0, 0, 0, 0, 0, 0, 0, 0, 6, 9, 65
"c:\Users\dell\Documents\AqwaValley\scripts\test-forecast-integration.ts", "TypeScript", 310, 0, 0, 0, 0, 0, 0, 0, 0, 0, 0, 0, 0, 6, 51, 367
"c:\Users\dell\Documents\AqwaValley\scripts\test-irrigation-trigger-api.ts", "TypeScript", 323, 0, 0, 0, 0, 0, 0, 0, 0, 0, 0, 0, 0, 10, 55, 388
"c:\Users\dell\Documents\AqwaValley\scripts\test-irrigation.ts", "TypeScript", 478, 0, 0, 0, 0, 0, 0, 0, 0, 0, 0, 0, 0, 55, 71, 604
"c:\Users\dell\Documents\AqwaValley\scripts\test-openrouter.ts", "TypeScript", 66, 0, 0, 0, 0, 0, 0, 0, 0, 0, 0, 0, 0, 8, 12, 86
"c:\Users\dell\Documents\AqwaValley\scripts\test-replay-diff-wrapper.mjs", "JavaScript", 0, 0, 0, 0, 0, 0, 32, 0, 0, 0, 0, 0, 0, 3, 9, 44
"c:\Users\dell\Documents\AqwaValley\scripts\test-replay-diff.ts", "TypeScript", 111, 0, 0, 0, 0, 0, 0, 0, 0, 0, 0, 0, 0, 3, 19, 133
"c:\Users\dell\Documents\AqwaValley\scripts\test-user-provisioning.ts", "TypeScript", 98, 0, 0, 0, 0, 0, 0, 0, 0, 0, 0, 0, 0, 8, 17, 123
"c:\Users\dell\Documents\AqwaValley\scripts\verify-timescaledb.mjs", "JavaScript", 0, 0, 0, 0, 0, 0, 26, 0, 0, 0, 0, 0, 0, 0, 8, 34
"c:\Users\dell\Documents\AqwaValley\sentry-wizard-installation-error-1774904850189.log", "Log", 0, 0, 0, 0, 0, 0, 0, 0, 0, 0, 0, 0, 0, 0, 1, 1
"c:\Users\dell\Documents\AqwaValley\sentry-wizard-installation-error-1774905198753.log", "Log", 0, 0, 0, 0, 0, 0, 0, 0, 0, 0, 0, 0, 0, 0, 1, 1
"c:\Users\dell\Documents\AqwaValley\sentry-wizard-installation-error-1774905551874.log", "Log", 0, 0, 0, 0, 0, 0, 0, 0, 0, 0, 0, 0, 0, 0, 1, 1
"c:\Users\dell\Documents\AqwaValley\sentry.edge.config.ts", "TypeScript", 7, 0, 0, 0, 0, 0, 0, 0, 0, 0, 0, 0, 0, 8, 6, 21
"c:\Users\dell\Documents\AqwaValley\sentry.server.config.ts", "TypeScript", 7, 0, 0, 0, 0, 0, 0, 0, 0, 0, 0, 0, 0, 7, 6, 20
"c:\Users\dell\Documents\AqwaValley\src\app\(farm)\farm\ai-plan\loading.tsx", "TypeScript JSX", 0, 0, 0, 0, 0, 0, 0, 0, 26, 0, 0, 0, 0, 2, 4, 32
"c:\Users\dell\Documents\AqwaValley\src\app\(farm)\farm\ai-plan\page.tsx", "TypeScript JSX", 0, 0, 0, 0, 0, 0, 0, 0, 197, 0, 0, 0, 0, 6, 19, 222
"c:\Users\dell\Documents\AqwaValley\src\app\(farm)\farm\dashboard\_components\AiRecommendationCard.tsx", "TypeScript JSX", 0, 0, 0, 0, 0, 0, 0, 0, 58, 0, 0, 0, 0, 1, 5, 64
"c:\Users\dell\Documents\AqwaValley\src\app\(farm)\farm\dashboard\_components\KpiCards.tsx", "TypeScript JSX", 0, 0, 0, 0, 0, 0, 0, 0, 166, 0, 0, 0, 0, 4, 9, 179
"c:\Users\dell\Documents\AqwaValley\src\app\(farm)\farm\dashboard\_components\QuotaBarCard.tsx", "TypeScript JSX", 0, 0, 0, 0, 0, 0, 0, 0, 102, 0, 0, 0, 0, 3, 9, 114
"c:\Users\dell\Documents\AqwaValley\src\app\(farm)\farm\dashboard\_components\SoilHumidityCard.tsx", "TypeScript JSX", 0, 0, 0, 0, 0, 0, 0, 0, 48, 0, 0, 0, 0, 0, 4, 52
"c:\Users\dell\Documents\AqwaValley\src\app\(farm)\farm\dashboard\_components\WeeklyTrendCard.tsx", "TypeScript JSX", 0, 0, 0, 0, 0, 0, 0, 0, 122, 0, 0, 0, 0, 1, 8, 131
"c:\Users\dell\Documents\AqwaValley\src\app\(farm)\farm\dashboard\loading.tsx", "TypeScript JSX", 0, 0, 0, 0, 0, 0, 0, 0, 26, 0, 0, 0, 0, 4, 6, 36
"c:\Users\dell\Documents\AqwaValley\src\app\(farm)\farm\dashboard\page.tsx", "TypeScript JSX", 0, 0, 0, 0, 0, 0, 0, 0, 162, 0, 0, 0, 0, 11, 21, 194
"c:\Users\dell\Documents\AqwaValley\src\app\(farm)\layout.tsx", "TypeScript JSX", 0, 0, 0, 0, 0, 0, 0, 0, 66, 0, 0, 0, 0, 13, 8, 87
"c:\Users\dell\Documents\AqwaValley\src\app\(gov)\alerts\_components\AlertsTable.tsx", "TypeScript JSX", 0, 0, 0, 0, 0, 0, 0, 0, 262, 0, 0, 0, 0, 17, 22, 301
"c:\Users\dell\Documents\AqwaValley\src\app\(gov)\alerts\loading.tsx", "TypeScript JSX", 0, 0, 0, 0, 0, 0, 0, 0, 49, 0, 0, 0, 0, 4, 5, 58
"c:\Users\dell\Documents\AqwaValley\src\app\(gov)\alerts\page.tsx", "TypeScript JSX", 0, 0, 0, 0, 0, 0, 0, 0, 63, 0, 0, 0, 0, 3, 9, 75
"c:\Users\dell\Documents\AqwaValley\src\app\(gov)\dashboard\_components\ChartsContainer.tsx", "TypeScript JSX", 0, 0, 0, 0, 0, 0, 0, 0, 73, 0, 0, 0, 0, 5, 15, 93
"c:\Users\dell\Documents\AqwaValley\src\app\(gov)\dashboard\_components\CurrentDate.tsx", "TypeScript JSX", 0, 0, 0, 0, 0, 0, 0, 0, 18, 0, 0, 0, 0, 2, 6, 26
"c:\Users\dell\Documents\AqwaValley\src\app\(gov)\dashboard\_components\DemoAlertButton.tsx", "TypeScript JSX", 0, 0, 0, 0, 0, 0, 0, 0, 145, 0, 0, 0, 0, 3, 21, 169
"c:\Users\dell\Documents\AqwaValley\src\app\(gov)\dashboard\_components\DistrictMap.tsx", "TypeScript JSX", 0, 0, 0, 0, 0, 0, 0, 0, 61, 0, 0, 0, 0, 1, 8, 70
"c:\Users\dell\Documents\AqwaValley\src\app\(gov)\dashboard\_components\KpiCards.tsx", "TypeScript JSX", 0, 0, 0, 0, 0, 0, 0, 0, 90, 0, 0, 0, 0, 4, 13, 107
"c:\Users\dell\Documents\AqwaValley\src\app\(gov)\dashboard\_components\alerts.tsx", "TypeScript JSX", 0, 0, 0, 0, 0, 0, 0, 0, 109, 0, 0, 0, 0, 0, 7, 116
"c:\Users\dell\Documents\AqwaValley\src\app\(gov)\dashboard\_components\charts.tsx", "TypeScript JSX", 0, 0, 0, 0, 0, 0, 0, 0, 140, 0, 0, 0, 0, 2, 9, 151
"c:\Users\dell\Documents\AqwaValley\src\app\(gov)\dashboard\_components\map-client.tsx", "TypeScript JSX", 0, 0, 0, 0, 0, 0, 0, 0, 32, 0, 0, 0, 0, 0, 5, 37
"c:\Users\dell\Documents\AqwaValley\src\app\(gov)\dashboard\error.tsx", "TypeScript JSX", 0, 0, 0, 0, 0, 0, 0, 0, 32, 0, 0, 0, 0, 1, 4, 37
"c:\Users\dell\Documents\AqwaValley\src\app\(gov)\dashboard\loading.tsx", "TypeScript JSX", 0, 0, 0, 0, 0, 0, 0, 0, 21, 0, 0, 0, 0, 0, 3, 24
"c:\Users\dell\Documents\AqwaValley\src\app\(gov)\dashboard\page.tsx", "TypeScript JSX", 0, 0, 0, 0, 0, 0, 0, 0, 61, 0, 0, 0, 0, 4, 6, 71
"c:\Users\dell\Documents\AqwaValley\src\app\(gov)\distribution\_components\ConsumerTypeChart.tsx", "TypeScript JSX", 0, 0, 0, 0, 0, 0, 0, 0, 99, 0, 0, 0, 0, 4, 9, 112
"c:\Users\dell\Documents\AqwaValley\src\app\(gov)\distribution\_components\DistributionPageClient.tsx", "TypeScript JSX", 0, 0, 0, 0, 0, 0, 0, 0, 463, 0, 0, 0, 0, 12, 22, 497
"c:\Users\dell\Documents\AqwaValley\src\app\(gov)\distribution\loading.tsx", "TypeScript JSX", 0, 0, 0, 0, 0, 0, 0, 0, 25, 0, 0, 0, 0, 5, 6, 36
"c:\Users\dell\Documents\AqwaValley\src\app\(gov)\distribution\page.tsx", "TypeScript JSX", 0, 0, 0, 0, 0, 0, 0, 0, 125, 0, 0, 0, 0, 12, 23, 160
"c:\Users\dell\Documents\AqwaValley\src\app\(gov)\districts\_components\district-card.tsx", "TypeScript JSX", 0, 0, 0, 0, 0, 0, 0, 0, 106, 0, 0, 0, 0, 3, 9, 118
"c:\Users\dell\Documents\AqwaValley\src\app\(gov)\districts\_components\scroll-to-hash.tsx", "TypeScript JSX", 0, 0, 0, 0, 0, 0, 0, 0, 18, 0, 0, 0, 0, 1, 6, 25
"c:\Users\dell\Documents\AqwaValley\src\app\(gov)\districts\_components\well-status-card.tsx", "TypeScript JSX", 0, 0, 0, 0, 0, 0, 0, 0, 67, 0, 0, 0, 0, 4, 7, 78
"c:\Users\dell\Documents\AqwaValley\src\app\(gov)\districts\loading.tsx", "TypeScript JSX", 0, 0, 0, 0, 0, 0, 0, 0, 18, 0, 0, 0, 0, 0, 1, 19
"c:\Users\dell\Documents\AqwaValley\src\app\(gov)\districts\page.tsx", "TypeScript JSX", 0, 0, 0, 0, 0, 0, 0, 0, 99, 0, 0, 0, 0, 0, 16, 115
"c:\Users\dell\Documents\AqwaValley\src\app\(gov)\forecast\_components\ForecastPageClient.tsx", "TypeScript JSX", 0, 0, 0, 0, 0, 0, 0, 0, 360, 0, 0, 0, 0, 6, 15, 381
"c:\Users\dell\Documents\AqwaValley\src\app\(gov)\forecast\loading.tsx", "TypeScript JSX", 0, 0, 0, 0, 0, 0, 0, 0, 31, 0, 0, 0, 0, 4, 6, 41
"c:\Users\dell\Documents\AqwaValley\src\app\(gov)\forecast\page.tsx", "TypeScript JSX", 0, 0, 0, 0, 0, 0, 0, 0, 21, 0, 0, 0, 0, 0, 5, 26
"c:\Users\dell\Documents\AqwaValley\src\app\(gov)\layout.tsx", "TypeScript JSX", 0, 0, 0, 0, 0, 0, 0, 0, 40, 0, 0, 0, 0, 11, 5, 56
"c:\Users\dell\Documents\AqwaValley\src\app\(gov)\map\_components\MapPageClient.tsx", "TypeScript JSX", 0, 0, 0, 0, 0, 0, 0, 0, 141, 0, 0, 0, 0, 7, 17, 165
"c:\Users\dell\Documents\AqwaValley\src\app\(gov)\map\loading.tsx", "TypeScript JSX", 0, 0, 0, 0, 0, 0, 0, 0, 18, 0, 0, 0, 0, 3, 4, 25
"c:\Users\dell\Documents\AqwaValley\src\app\(gov)\map\page.tsx", "TypeScript JSX", 0, 0, 0, 0, 0, 0, 0, 0, 78, 0, 0, 0, 0, 3, 11, 92
"c:\Users\dell\Documents\AqwaValley\src\app\(gov)\users\page.tsx", "TypeScript JSX", 0, 0, 0, 0, 0, 0, 0, 0, 434, 0, 0, 0, 0, 8, 30, 472
"c:\Users\dell\Documents\AqwaValley\src\app\(gov)\wells\[wellId]\_components\readings-chart.tsx", "TypeScript JSX", 0, 0, 0, 0, 0, 0, 0, 0, 173, 0, 0, 0, 0, 3, 12, 188
"c:\Users\dell\Documents\AqwaValley\src\app\(gov)\wells\[wellId]\_components\water-drop-gauge.tsx", "TypeScript JSX", 0, 0, 0, 0, 0, 0, 0, 0, 91, 0, 0, 0, 0, 4, 14, 109
"c:\Users\dell\Documents\AqwaValley\src\app\(gov)\wells\[wellId]\_components\well-alerts.tsx", "TypeScript JSX", 0, 0, 0, 0, 0, 0, 0, 0, 79, 0, 0, 0, 0, 0, 5, 84
"c:\Users\dell\Documents\AqwaValley\src\app\(gov)\wells\[wellId]\loading.tsx", "TypeScript JSX", 0, 0, 0, 0, 0, 0, 0, 0, 16, 0, 0, 0, 0, 0, 3, 19
"c:\Users\dell\Documents\AqwaValley\src\app\(gov)\wells\[wellId]\page.tsx", "TypeScript JSX", 0, 0, 0, 0, 0, 0, 0, 0, 129, 0, 0, 0, 0, 7, 16, 152
"c:\Users\dell\Documents\AqwaValley\src\app\_actions\auth.ts", "TypeScript", 29, 0, 0, 0, 0, 0, 0, 0, 0, 0, 0, 0, 0, 13, 8, 50
"c:\Users\dell\Documents\AqwaValley\src\app\_components\AssistLoopLoader.tsx", "TypeScript JSX", 0, 0, 0, 0, 0, 0, 0, 0, 44, 0, 0, 0, 0, 1, 8, 53
"c:\Users\dell\Documents\AqwaValley\src\app\_components\UI\Badge.tsx", "TypeScript JSX", 0, 0, 0, 0, 0, 0, 0, 0, 29, 0, 0, 0, 0, 0, 3, 32
"c:\Users\dell\Documents\AqwaValley\src\app\_components\UI\Button.tsx", "TypeScript JSX", 0, 0, 0, 0, 0, 0, 0, 0, 33, 0, 0, 0, 0, 0, 3, 36
"c:\Users\dell\Documents\AqwaValley\src\app\_components\UI\Card.tsx", "TypeScript JSX", 0, 0, 0, 0, 0, 0, 0, 0, 55, 0, 0, 0, 0, 0, 9, 64
"c:\Users\dell\Documents\AqwaValley\src\app\_components\UI\KpiCardGrid.tsx", "TypeScript JSX", 0, 0, 0, 0, 0, 0, 0, 0, 36, 0, 0, 0, 0, 0, 3, 39
"c:\Users\dell\Documents\AqwaValley\src\app\_components\UI\Skeleton.tsx", "TypeScript JSX", 0, 0, 0, 0, 0, 0, 0, 0, 13, 0, 0, 0, 0, 0, 2, 15
"c:\Users\dell\Documents\AqwaValley\src\app\_components\UI\leaflet-map.tsx", "TypeScript JSX", 0, 0, 0, 0, 0, 0, 0, 0, 154, 0, 0, 0, 0, 5, 24, 183
"c:\Users\dell\Documents\AqwaValley\src\app\_components\auth\LoginForm.tsx", "TypeScript JSX", 0, 0, 0, 0, 0, 0, 0, 0, 132, 0, 0, 0, 0, 12, 11, 155
"c:\Users\dell\Documents\AqwaValley\src\app\_components\layouts\DashboardHeader.tsx", "TypeScript JSX", 0, 0, 0, 0, 0, 0, 0, 0, 18, 0, 0, 0, 0, 0, 2, 20
"c:\Users\dell\Documents\AqwaValley\src\app\_components\layouts\FarmSidebar.tsx", "TypeScript JSX", 0, 0, 0, 0, 0, 0, 0, 0, 76, 0, 0, 0, 0, 0, 9, 85
"c:\Users\dell\Documents\AqwaValley\src\app\_components\layouts\Govsidebar.tsx", "TypeScript JSX", 0, 0, 0, 0, 0, 0, 0, 0, 108, 0, 0, 0, 0, 3, 16, 127
"c:\Users\dell\Documents\AqwaValley\src\app\_components\layouts\Navitem.tsx", "TypeScript JSX", 0, 0, 0, 0, 0, 0, 0, 0, 28, 0, 0, 0, 0, 0, 4, 32
"c:\Users\dell\Documents\AqwaValley\src\app\_components\layouts\NotificationDropdown.tsx", "TypeScript JSX", 0, 0, 0, 0, 0, 0, 0, 0, 147, 0, 0, 0, 0, 8, 16, 171
"c:\Users\dell\Documents\AqwaValley\src\app\_components\layouts\ScrollReset.tsx", "TypeScript JSX", 0, 0, 0, 0, 0, 0, 0, 0, 11, 0, 0, 0, 0, 1, 4, 16
"c:\Users\dell\Documents\AqwaValley\src\app\_components\layouts\SidebarProvider.tsx", "TypeScript JSX", 0, 0, 0, 0, 0, 0, 0, 0, 28, 0, 0, 0, 0, 1, 9, 38
"c:\Users\dell\Documents\AqwaValley\src\app\_components\layouts\Topbar.tsx", "TypeScript JSX", 0, 0, 0, 0, 0, 0, 0, 0, 197, 0, 0, 0, 0, 18, 18, 233
"c:\Users\dell\Documents\AqwaValley\src\app\api\admin\cron-runs\route.ts", "TypeScript", 135, 0, 0, 0, 0, 0, 0, 0, 0, 0, 0, 0, 0, 0, 16, 151
"c:\Users\dell\Documents\AqwaValley\src\app\api\admin\mock-ingest\route.ts", "TypeScript", 90, 0, 0, 0, 0, 0, 0, 0, 0, 0, 0, 0, 0, 3, 16, 109
"c:\Users\dell\Documents\AqwaValley\src\app\api\auth\[...all]\route.ts", "TypeScript", 3, 0, 0, 0, 0, 0, 0, 0, 0, 0, 0, 0, 0, 0, 3, 6
"c:\Users\dell\Documents\AqwaValley\src\app\api\cron\aquifer-forecast\route.ts", "TypeScript", 96, 0, 0, 0, 0, 0, 0, 0, 0, 0, 0, 0, 0, 0, 14, 110
"c:\Users\dell\Documents\AqwaValley\src\app\api\cron\dispatch-emails\route.ts", "TypeScript", 122, 0, 0, 0, 0, 0, 0, 0, 0, 0, 0, 0, 0, 25, 28, 175
"c:\Users\dell\Documents\AqwaValley\src\app\api\cron\process-irrigation-queue\route.ts", "TypeScript", 80, 0, 0, 0, 0, 0, 0, 0, 0, 0, 0, 0, 0, 0, 13, 93
"c:\Users\dell\Documents\AqwaValley\src\app\api\cron\simulate-ingest\route.ts", "TypeScript", 193, 0, 0, 0, 0, 0, 0, 0, 0, 0, 0, 0, 0, 0, 27, 220
"c:\Users\dell\Documents\AqwaValley\src\app\api\email\webhook\route.ts", "TypeScript", 147, 0, 0, 0, 0, 0, 0, 0, 0, 0, 0, 0, 0, 27, 28, 202
"c:\Users\dell\Documents\AqwaValley\src\app\api\health\route.ts", "TypeScript", 38, 0, 0, 0, 0, 0, 0, 0, 0, 0, 0, 0, 0, 2, 8, 48
"c:\Users\dell\Documents\AqwaValley\src\app\api\sensors\ingest\route.ts", "TypeScript", 89, 0, 0, 0, 0, 0, 0, 0, 0, 0, 0, 0, 0, 8, 18, 115
"c:\Users\dell\Documents\AqwaValley\src\app\api\sentry-example-api\route.ts", "TypeScript", 29, 0, 0, 0, 0, 0, 0, 0, 0, 0, 0, 0, 0, 8, 5, 42
"c:\Users\dell\Documents\AqwaValley\src\app\api\trpc\[trpc]\route.ts", "TypeScript", 26, 0, 0, 0, 0, 0, 0, 0, 0, 0, 0, 0, 0, 4, 5, 35
"c:\Users\dell\Documents\AqwaValley\src\app\api\wells\[id]\metrics\route.ts", "TypeScript", 166, 0, 0, 0, 0, 0, 0, 0, 0, 0, 0, 0, 0, 3, 22, 191
"c:\Users\dell\Documents\AqwaValley\src\app\global-error.tsx", "TypeScript JSX", 0, 0, 0, 0, 0, 0, 0, 0, 20, 0, 0, 0, 0, 4, 4, 28
"c:\Users\dell\Documents\AqwaValley\src\app\layout.tsx", "TypeScript JSX", 0, 0, 0, 0, 0, 0, 0, 0, 28, 0, 0, 0, 0, 0, 6, 34
"c:\Users\dell\Documents\AqwaValley\src\app\page.tsx", "TypeScript JSX", 0, 0, 0, 0, 0, 0, 0, 0, 17, 0, 0, 0, 0, 12, 5, 34
"c:\Users\dell\Documents\AqwaValley\src\app\sentry-example-page\head.tsx", "TypeScript JSX", 0, 0, 0, 0, 0, 0, 0, 0, 8, 0, 0, 0, 0, 0, 1, 9
"c:\Users\dell\Documents\AqwaValley\src\app\sentry-example-page\page.tsx", "TypeScript JSX", 0, 0, 0, 0, 0, 0, 0, 0, 232, 0, 0, 0, 0, 2, 11, 245
"c:\Users\dell\Documents\AqwaValley\src\app\set-password\page.tsx", "TypeScript JSX", 0, 0, 0, 0, 0, 0, 0, 0, 256, 0, 0, 0, 0, 10, 23, 289
"c:\Users\dell\Documents\AqwaValley\src\env.js", "JavaScript", 0, 0, 0, 0, 0, 0, 107, 0, 0, 0, 0, 0, 0, 28, 7, 142
"c:\Users\dell\Documents\AqwaValley\src\instrumentation-client.ts", "TypeScript", 11, 0, 0, 0, 0, 0, 0, 0, 0, 0, 0, 0, 0, 12, 9, 32
"c:\Users\dell\Documents\AqwaValley\src\instrumentation.ts", "TypeScript", 10, 0, 0, 0, 0, 0, 0, 0, 0, 0, 0, 0, 0, 0, 4, 14
"c:\Users\dell\Documents\AqwaValley\src\lib\apiKeyAuth.ts", "TypeScript", 46, 0, 0, 0, 0, 0, 0, 0, 0, 0, 0, 0, 0, 20, 13, 79
"c:\Users\dell\Documents\AqwaValley\src\lib\cronAuth.ts", "TypeScript", 31, 0, 0, 0, 0, 0, 0, 0, 0, 0, 0, 0, 0, 0, 11, 42
"c:\Users\dell\Documents\AqwaValley\src\lib\hooks.ts", "TypeScript", 28, 0, 0, 0, 0, 0, 0, 0, 0, 0, 0, 0, 0, 8, 7, 43
"c:\Users\dell\Documents\AqwaValley\src\lib\logger.ts", "TypeScript", 15, 0, 0, 0, 0, 0, 0, 0, 0, 0, 0, 0, 0, 2, 5, 22
"c:\Users\dell\Documents\AqwaValley\src\lib\national-id.ts", "TypeScript", 24, 0, 0, 0, 0, 0, 0, 0, 0, 0, 0, 0, 0, 0, 6, 30
"c:\Users\dell\Documents\AqwaValley\src\lib\types.ts", "TypeScript", 12, 0, 0, 0, 0, 0, 0, 0, 0, 0, 0, 0, 0, 12, 3, 27
"c:\Users\dell\Documents\AqwaValley\src\lib\utils.ts", "TypeScript", 108, 0, 0, 0, 0, 0, 0, 0, 0, 0, 0, 0, 0, 12, 21, 141
"c:\Users\dell\Documents\AqwaValley\src\server\ai\openrouter-client.ts", "TypeScript", 146, 0, 0, 0, 0, 0, 0, 0, 0, 0, 0, 0, 0, 72, 28, 246
"c:\Users\dell\Documents\AqwaValley\src\server\api\root.ts", "TypeScript", 23, 0, 0, 0, 0, 0, 0, 0, 0, 0, 0, 0, 0, 13, 5, 41
"c:\Users\dell\Documents\AqwaValley\src\server\api\routers\alerts.ts", "TypeScript", 236, 0, 0, 0, 0, 0, 0, 0, 0, 0, 0, 0, 0, 24, 33, 293
"c:\Users\dell\Documents\AqwaValley\src\server\api\routers\analytics.ts", "TypeScript", 244, 0, 0, 0, 0, 0, 0, 0, 0, 0, 0, 0, 0, 11, 16, 271
"c:\Users\dell\Documents\AqwaValley\src\server\api\routers\forecast.ts", "TypeScript", 43, 0, 0, 0, 0, 0, 0, 0, 0, 0, 0, 0, 0, 2, 7, 52
"c:\Users\dell\Documents\AqwaValley\src\server\api\routers\irrigation-api-docs.md", "Markdown", 0, 0, 0, 0, 0, 0, 0, 117, 0, 0, 0, 0, 0, 0, 32, 149
"c:\Users\dell\Documents\AqwaValley\src\server\api\routers\irrigation-frontend-integration.md", "Markdown", 0, 0, 0, 0, 0, 0, 0, 182, 0, 0, 0, 0, 0, 0, 84, 266
"c:\Users\dell\Documents\AqwaValley\src\server\api\routers\irrigation.ts", "TypeScript", 250, 0, 0, 0, 0, 0, 0, 0, 0, 0, 0, 0, 0, 38, 47, 335
"c:\Users\dell\Documents\AqwaValley\src\server\api\routers\post.ts", "TypeScript", 11, 0, 0, 0, 0, 0, 0, 0, 0, 0, 0, 0, 0, 4, 3, 18
"c:\Users\dell\Documents\AqwaValley\src\server\api\routers\quotas.ts", "TypeScript", 552, 0, 0, 0, 0, 0, 0, 0, 0, 0, 0, 0, 0, 0, 56, 608
"c:\Users\dell\Documents\AqwaValley\src\server\api\routers\sensors.ts", "TypeScript", 205, 0, 0, 0, 0, 0, 0, 0, 0, 0, 0, 0, 0, 25, 33, 263
"c:\Users\dell\Documents\AqwaValley\src\server\api\routers\users.ts", "TypeScript", 623, 0, 0, 0, 0, 0, 0, 0, 0, 0, 0, 0, 0, 127, 104, 854
"c:\Users\dell\Documents\AqwaValley\src\server\api\routers\weather.ts", "TypeScript", 57, 0, 0, 0, 0, 0, 0, 0, 0, 0, 0, 0, 0, 2, 9, 68
"c:\Users\dell\Documents\AqwaValley\src\server\api\routers\wells.ts", "TypeScript", 285, 0, 0, 0, 0, 0, 0, 0, 0, 0, 0, 0, 0, 27, 42, 354
"c:\Users\dell\Documents\AqwaValley\src\server\api\trpc.ts", "TypeScript", 117, 0, 0, 0, 0, 0, 0, 0, 0, 0, 0, 0, 0, 75, 20, 212
"c:\Users\dell\Documents\AqwaValley\src\server\better-auth\client.ts", "TypeScript", 6, 0, 0, 0, 0, 0, 0, 0, 0, 0, 0, 0, 0, 0, 3, 9
"c:\Users\dell\Documents\AqwaValley\src\server\better-auth\config.ts", "TypeScript", 36, 0, 0, 0, 0, 0, 0, 0, 0, 0, 0, 0, 0, 0, 4, 40
"c:\Users\dell\Documents\AqwaValley\src\server\better-auth\index.ts", "TypeScript", 1, 0, 0, 0, 0, 0, 0, 0, 0, 0, 0, 0, 0, 0, 1, 2
"c:\Users\dell\Documents\AqwaValley\src\server\better-auth\server.ts", "TypeScript", 6, 0, 0, 0, 0, 0, 0, 0, 0, 0, 0, 0, 0, 0, 2, 8
"c:\Users\dell\Documents\AqwaValley\src\server\db\index.ts", "TypeScript", 19, 0, 0, 0, 0, 0, 0, 0, 0, 0, 0, 0, 0, 7, 10, 36
"c:\Users\dell\Documents\AqwaValley\src\server\db\schema.ts", "TypeScript", 1805, 0, 0, 0, 0, 0, 0, 0, 0, 0, 0, 0, 0, 171, 121, 2097
"c:\Users\dell\Documents\AqwaValley\src\server\db\seed.ts", "TypeScript", 130, 0, 0, 0, 0, 0, 0, 0, 0, 0, 0, 0, 0, 10, 24, 164
"c:\Users\dell\Documents\AqwaValley\src\server\lib\abac.ts", "TypeScript", 144, 0, 0, 0, 0, 0, 0, 0, 0, 0, 0, 0, 0, 30, 26, 200
"c:\Users\dell\Documents\AqwaValley\src\server\services\alertEvalService.ts", "TypeScript", 64, 0, 0, 0, 0, 0, 0, 0, 0, 0, 0, 0, 0, 6, 10, 80
"c:\Users\dell\Documents\AqwaValley\src\server\services\email\AuditingEmailTransport.ts", "TypeScript", 66, 0, 0, 0, 0, 0, 0, 0, 0, 0, 0, 0, 0, 30, 12, 108
"c:\Users\dell\Documents\AqwaValley\src\server\services\email\EmailService.ts", "TypeScript", 158, 0, 0, 0, 0, 0, 0, 0, 0, 0, 0, 0, 0, 29, 26, 213
"c:\Users\dell\Documents\AqwaValley\src\server\services\email\NodeMailerTransport.ts", "TypeScript", 87, 0, 0, 0, 0, 0, 0, 0, 0, 0, 0, 0, 0, 11, 18, 116
"c:\Users\dell\Documents\AqwaValley\src\server\services\email\NullTransport.ts", "TypeScript", 30, 0, 0, 0, 0, 0, 0, 0, 0, 0, 0, 0, 0, 17, 9, 56
"c:\Users\dell\Documents\AqwaValley\src\server\services\email\interfaces.ts", "TypeScript", 55, 0, 0, 0, 0, 0, 0, 0, 0, 0, 0, 0, 0, 19, 11, 85
"c:\Users\dell\Documents\AqwaValley\src\server\services\email\templates\farm-scope-grant.html", "HTML", 0, 0, 0, 0, 0, 0, 0, 0, 0, 0, 0, 74, 0, 0, 6, 80
"c:\Users\dell\Documents\AqwaValley\src\server\services\email\templates\password-changed.html", "HTML", 0, 0, 0, 0, 0, 0, 0, 0, 0, 0, 0, 88, 0, 0, 6, 94
"c:\Users\dell\Documents\AqwaValley\src\server\services\email\templates\password-reset.html", "HTML", 0, 0, 0, 0, 0, 0, 0, 0, 0, 0, 0, 130, 0, 0, 9, 139
"c:\Users\dell\Documents\AqwaValley\src\server\services\email\templates\welcome-invitation.html", "HTML", 0, 0, 0, 0, 0, 0, 0, 0, 0, 0, 0, 165, 0, 7, 8, 180
"c:\Users\dell\Documents\AqwaValley\src\server\services\forecastService.ts", "TypeScript", 125, 0, 0, 0, 0, 0, 0, 0, 0, 0, 0, 0, 0, 7, 19, 151
"c:\Users\dell\Documents\AqwaValley\src\server\services\forecast\ForecastRunFactory.ts", "TypeScript", 52, 0, 0, 0, 0, 0, 0, 0, 0, 0, 0, 0, 0, 0, 6, 58
"c:\Users\dell\Documents\AqwaValley\src\server\services\forecast\ForecastRunOrchestrator.ts", "TypeScript", 278, 0, 0, 0, 0, 0, 0, 0, 0, 0, 0, 0, 0, 0, 33, 311
"c:\Users\dell\Documents\AqwaValley\src\server\services\forecast\HistoricalDataLoader.ts", "TypeScript", 38, 0, 0, 0, 0, 0, 0, 0, 0, 0, 0, 0, 0, 0, 5, 43
"c:\Users\dell\Documents\AqwaValley\src\server\services\forecast\adapters\CEDAREAdapter.ts", "TypeScript", 35, 0, 0, 0, 0, 0, 0, 0, 0, 0, 0, 0, 0, 0, 7, 42
"c:\Users\dell\Documents\AqwaValley\src\server\services\forecast\adapters\DataSourceAdapter.ts", "TypeScript", 21, 0, 0, 0, 0, 0, 0, 0, 0, 0, 0, 0, 0, 0, 5, 26
"c:\Users\dell\Documents\AqwaValley\src\server\services\forecast\adapters\PostgresAdapter.ts", "TypeScript", 91, 0, 0, 0, 0, 0, 0, 0, 0, 0, 0, 0, 0, 0, 14, 105
"c:\Users\dell\Documents\AqwaValley\src\server\services\forecast\adapters\TimescaleAdapter.ts", "TypeScript", 29, 0, 0, 0, 0, 0, 0, 0, 0, 0, 0, 0, 0, 0, 6, 35
"c:\Users\dell\Documents\AqwaValley\src\server\services\forecast\core\FeaturePipeline.ts", "TypeScript", 118, 0, 0, 0, 0, 0, 0, 0, 0, 0, 0, 0, 0, 1, 20, 139
"c:\Users\dell\Documents\AqwaValley\src\server\services\forecast\core\LinearRegressionTrainer.ts", "TypeScript", 103, 0, 0, 0, 0, 0, 0, 0, 0, 0, 0, 0, 0, 0, 18, 121
"c:\Users\dell\Documents\AqwaValley\src\server\services\forecast\core\interval\BootstrapIntervalEstimator.ts", "TypeScript", 84, 0, 0, 0, 0, 0, 0, 0, 0, 0, 0, 0, 0, 0, 17, 101
"c:\Users\dell\Documents\AqwaValley\src\server\services\forecast\core\interval\ClosedFormIntervalEstimator.ts", "TypeScript", 45, 0, 0, 0, 0, 0, 0, 0, 0, 0, 0, 0, 0, 0, 10, 55
"c:\Users\dell\Documents\AqwaValley\src\server\services\forecast\core\interval\IIntervalEstimator.ts", "TypeScript", 17, 0, 0, 0, 0, 0, 0, 0, 0, 0, 0, 0, 0, 0, 5, 22
"c:\Users\dell\Documents\AqwaValley\src\server\services\forecast\core\interval\IntervalEstimatorSelector.ts", "TypeScript", 25, 0, 0, 0, 0, 0, 0, 0, 0, 0, 0, 0, 0, 0, 4, 29
"c:\Users\dell\Documents\AqwaValley\src\server\services\forecast\core\pipeline\handlers.ts", "TypeScript", 223, 0, 0, 0, 0, 0, 0, 0, 0, 0, 0, 0, 0, 0, 34, 257
"c:\Users\dell\Documents\AqwaValley\src\server\services\forecast\core\plausibility\IPlausibilityRule.ts", "TypeScript", 26, 0, 0, 0, 0, 0, 0, 0, 0, 0, 0, 0, 0, 0, 4, 30
"c:\Users\dell\Documents\AqwaValley\src\server\services\forecast\core\plausibility\PhysicalPlausibilityValidator.ts", "TypeScript", 30, 0, 0, 0, 0, 0, 0, 0, 0, 0, 0, 0, 0, 0, 6, 36
"c:\Users\dell\Documents\AqwaValley\src\server\services\forecast\core\plausibility\rules\V0PlausibilityRules.ts", "TypeScript", 136, 0, 0, 0, 0, 0, 0, 0, 0, 0, 0, 0, 0, 0, 20, 156
"c:\Users\dell\Documents\AqwaValley\src\server\services\forecast\core\risk\IRiskEvaluator.ts", "TypeScript", 27, 0, 0, 0, 0, 0, 0, 0, 0, 0, 0, 0, 0, 0, 6, 33
"c:\Users\dell\Documents\AqwaValley\src\server\services\forecast\core\risk\SQ13RiskEvaluator.ts", "TypeScript", 80, 0, 0, 0, 0, 0, 0, 0, 0, 0, 0, 0, 0, 0, 12, 92
"c:\Users\dell\Documents\AqwaValley\src\server\services\forecast\index.ts", "TypeScript", 26, 0, 0, 0, 0, 0, 0, 0, 0, 0, 0, 0, 0, 0, 1, 27
"c:\Users\dell\Documents\AqwaValley\src\server\services\forecast\policy\forecastPolicy.ts", "TypeScript", 24, 0, 0, 0, 0, 0, 0, 0, 0, 0, 0, 0, 0, 0, 2, 26
"c:\Users\dell\Documents\AqwaValley\src\server\services\forecast\repositories\ForecastArtifactRepository.ts", "TypeScript", 37, 0, 0, 0, 0, 0, 0, 0, 0, 0, 0, 0, 0, 0, 5, 42
"c:\Users\dell\Documents\AqwaValley\src\server\services\forecast\repositories\ModelVersionRepository.ts", "TypeScript", 60, 0, 0, 0, 0, 0, 0, 0, 0, 0, 0, 0, 0, 0, 7, 67
"c:\Users\dell\Documents\AqwaValley\src\server\services\forecast\repositories\RiskFlagRepository.ts", "TypeScript", 28, 0, 0, 0, 0, 0, 0, 0, 0, 0, 0, 0, 0, 0, 4, 32
"c:\Users\dell\Documents\AqwaValley\src\server\services\forecast\repositories\drizzleRepositories.ts", "TypeScript", 410, 0, 0, 0, 0, 0, 0, 0, 0, 0, 0, 0, 0, 0, 34, 444
"c:\Users\dell\Documents\AqwaValley\src\server\services\forecast\runtime.ts", "TypeScript", 83, 0, 0, 0, 0, 0, 0, 0, 0, 0, 0, 0, 0, 0, 11, 94
"c:\Users\dell\Documents\AqwaValley\src\server\services\forecast\types.ts", "TypeScript", 51, 0, 0, 0, 0, 0, 0, 0, 0, 0, 0, 0, 0, 0, 9, 60
"c:\Users\dell\Documents\AqwaValley\src\server\services\ingestService.ts", "TypeScript", 292, 0, 0, 0, 0, 0, 0, 0, 0, 0, 0, 0, 0, 4, 5, 301
"c:\Users\dell\Documents\AqwaValley\src\server\services\irrigation\fallback.ts", "TypeScript", 145, 0, 0, 0, 0, 0, 0, 0, 0, 0, 0, 0, 0, 42, 24, 211
"c:\Users\dell\Documents\AqwaValley\src\server\services\irrigation\irrigationQueueWorker.ts", "TypeScript", 667, 0, 0, 0, 0, 0, 0, 0, 0, 0, 0, 0, 0, 1, 72, 740
"c:\Users\dell\Documents\AqwaValley\src\server\services\irrigation\prompt-builder.ts", "TypeScript", 160, 0, 0, 0, 0, 0, 0, 0, 0, 0, 0, 0, 0, 49, 23, 232
"c:\Users\dell\Documents\AqwaValley\src\server\services\irrigation\providerResolver.ts", "TypeScript", 207, 0, 0, 0, 0, 0, 0, 0, 0, 0, 0, 0, 0, 0, 13, 220
"c:\Users\dell\Documents\AqwaValley\src\server\services\irrigation\recommend.ts", "TypeScript", 355, 0, 0, 0, 0, 0, 0, 0, 0, 0, 0, 0, 0, 64, 58, 477
"c:\Users\dell\Documents\AqwaValley\src\server\services\irrigation\runDiffService.ts", "TypeScript", 211, 0, 0, 0, 0, 0, 0, 0, 0, 0, 0, 0, 0, 0, 24, 235
"c:\Users\dell\Documents\AqwaValley\src\server\services\irrigation\runOutputHash.ts", "TypeScript", 22, 0, 0, 0, 0, 0, 0, 0, 0, 0, 0, 0, 0, 0, 3, 25
"c:\Users\dell\Documents\AqwaValley\src\server\services\irrigation\runReplayService.ts", "TypeScript", 324, 0, 0, 0, 0, 0, 0, 0, 0, 0, 0, 0, 0, 0, 36, 360
"c:\Users\dell\Documents\AqwaValley\src\server\services\irrigation\schemas.ts", "TypeScript", 24, 0, 0, 0, 0, 0, 0, 0, 0, 0, 0, 0, 0, 23, 8, 55
"c:\Users\dell\Documents\AqwaValley\src\server\services\irrigation\shadowIngestService.ts", "TypeScript", 49, 0, 0, 0, 0, 0, 0, 0, 0, 0, 0, 0, 0, 0, 8, 57
"c:\Users\dell\Documents\AqwaValley\src\server\services\irrigation\simulateIrrigationRun.ts", "TypeScript", 172, 0, 0, 0, 0, 0, 0, 0, 0, 0, 0, 0, 0, 0, 9, 181
"c:\Users\dell\Documents\AqwaValley\src\server\services\irrigation\simulationHashing.ts", "TypeScript", 46, 0, 0, 0, 0, 0, 0, 0, 0, 0, 0, 0, 0, 1, 13, 60
"c:\Users\dell\Documents\AqwaValley\src\server\services\irrigation\simulation\adaptiveIntegrator.ts", "TypeScript", 366, 0, 0, 0, 0, 0, 0, 0, 0, 0, 0, 0, 0, 1, 47, 414
"c:\Users\dell\Documents\AqwaValley\src\server\services\irrigation\simulation\contracts.ts", "TypeScript", 148, 0, 0, 0, 0, 0, 0, 0, 0, 0, 0, 0, 0, 0, 23, 171
"c:\Users\dell\Documents\AqwaValley\src\server\services\irrigation\simulation\hydrologyModelV1.ts", "TypeScript", 104, 0, 0, 0, 0, 0, 0, 0, 0, 0, 0, 0, 0, 0, 16, 120
"c:\Users\dell\Documents\AqwaValley\src\server\services\irrigation\simulation\hydrologyResolver.ts", "TypeScript", 28, 0, 0, 0, 0, 0, 0, 0, 0, 0, 0, 0, 0, 0, 5, 33
"c:\Users\dell\Documents\AqwaValley\src\server\services\irrigation\simulation\index.ts", "TypeScript", 8, 0, 0, 0, 0, 0, 0, 0, 0, 0, 0, 0, 0, 0, 1, 9
"c:\Users\dell\Documents\AqwaValley\src\server\services\irrigation\simulation\irrigationPhysicsEngine.ts", "TypeScript", 122, 0, 0, 0, 0, 0, 0, 0, 0, 0, 0, 0, 0, 0, 13, 135
"c:\Users\dell\Documents\AqwaValley\src\server\services\irrigation\simulation\lifecycle.ts", "TypeScript", 31, 0, 0, 0, 0, 0, 0, 0, 0, 0, 0, 0, 0, 0, 4, 35
"c:\Users\dell\Documents\AqwaValley\src\server\services\irrigation\simulation\result.ts", "TypeScript", 39, 0, 0, 0, 0, 0, 0, 0, 0, 0, 0, 0, 0, 0, 7, 46
"c:\Users\dell\Documents\AqwaValley\src\server\services\irrigation\simulation\units.ts", "TypeScript", 75, 0, 0, 0, 0, 0, 0, 0, 0, 0, 0, 0, 0, 0, 12, 87
"c:\Users\dell\Documents\AqwaValley\src\server\services\irrigation\triggerService.ts", "TypeScript", 370, 0, 0, 0, 0, 0, 0, 0, 0, 0, 0, 0, 0, 1, 43, 414
"c:\Users\dell\Documents\AqwaValley\src\server\services\irrigation\weather.ts", "TypeScript", 34, 0, 0, 0, 0, 0, 0, 0, 0, 0, 0, 0, 0, 41, 11, 86
"c:\Users\dell\Documents\AqwaValley\src\server\services\quotaDecisionService.md", "Markdown", 0, 0, 0, 0, 0, 0, 0, 12, 0, 0, 0, 0, 0, 0, 9, 21
"c:\Users\dell\Documents\AqwaValley\src\server\services\quotaDecisionService.ts", "TypeScript", 545, 0, 0, 0, 0, 0, 0, 0, 0, 0, 0, 0, 0, 0, 60, 605
"c:\Users\dell\Documents\AqwaValley\src\server\services\simulatorCronIngest.ts", "TypeScript", 251, 0, 0, 0, 0, 0, 0, 0, 0, 0, 0, 0, 0, 0, 30, 281
"c:\Users\dell\Documents\AqwaValley\src\server\services\simulatorRunRegistry.ts", "TypeScript", 317, 0, 0, 0, 0, 0, 0, 0, 0, 0, 0, 0, 0, 1, 58, 376
"c:\Users\dell\Documents\AqwaValley\src\server\services\simulatorSensorDiscovery.ts", "TypeScript", 30, 0, 0, 0, 0, 0, 0, 0, 0, 0, 0, 0, 0, 0, 5, 35
"c:\Users\dell\Documents\AqwaValley\src\server\services\simulatorValueGenerator.ts", "TypeScript", 54, 0, 0, 0, 0, 0, 0, 0, 0, 0, 0, 0, 0, 0, 13, 67
"c:\Users\dell\Documents\AqwaValley\src\server\services\token\InvitationValidator.ts", "TypeScript", 25, 0, 0, 0, 0, 0, 0, 0, 0, 0, 0, 0, 0, 18, 7, 50
"c:\Users\dell\Documents\AqwaValley\src\server\services\token\RawToken.ts", "TypeScript", 19, 0, 0, 0, 0, 0, 0, 0, 0, 0, 0, 0, 0, 30, 8, 57
"c:\Users\dell\Documents\AqwaValley\src\server\services\user\AuthUserCreator.ts", "TypeScript", 59, 0, 0, 0, 0, 0, 0, 0, 0, 0, 0, 0, 0, 19, 10, 88
"c:\Users\dell\Documents\AqwaValley\src\server\services\user\FarmScopeAssigner.ts", "TypeScript", 87, 0, 0, 0, 0, 0, 0, 0, 0, 0, 0, 0, 0, 19, 14, 120
"c:\Users\dell\Documents\AqwaValley\src\server\services\user\InvitationIssuer.ts", "TypeScript", 116, 0, 0, 0, 0, 0, 0, 0, 0, 0, 0, 0, 0, 13, 18, 147
"c:\Users\dell\Documents\AqwaValley\src\server\services\user\OutboxEnqueuer.ts", "TypeScript", 47, 0, 0, 0, 0, 0, 0, 0, 0, 0, 0, 0, 0, 22, 9, 78
"c:\Users\dell\Documents\AqwaValley\src\server\services\user\RoleAssigner.ts", "TypeScript", 140, 0, 0, 0, 0, 0, 0, 0, 0, 0, 0, 0, 0, 22, 23, 185
"c:\Users\dell\Documents\AqwaValley\src\server\services\user\SessionInvalidator.ts", "TypeScript", 16, 0, 0, 0, 0, 0, 0, 0, 0, 0, 0, 0, 0, 20, 4, 40
"c:\Users\dell\Documents\AqwaValley\src\server\services\user\UserProvisioningOrchestrator.ts", "TypeScript", 169, 0, 0, 0, 0, 0, 0, 0, 0, 0, 0, 0, 0, 45, 26, 240
"c:\Users\dell\Documents\AqwaValley\src\server\services\user\interfaces.ts", "TypeScript", 120, 0, 0, 0, 0, 0, 0, 0, 0, 0, 0, 0, 0, 22, 18, 160
"c:\Users\dell\Documents\AqwaValley\src\server\services\weatherService.ts", "TypeScript", 104, 0, 0, 0, 0, 0, 0, 0, 0, 0, 0, 0, 0, 1, 20, 125
"c:\Users\dell\Documents\AqwaValley\src\styles\globals.css", "PostCSS", 0, 0, 0, 0, 0, 0, 0, 0, 0, 0, 511, 0, 0, 27, 95, 633
"c:\Users\dell\Documents\AqwaValley\src\trpc\query-client.ts", "TypeScript", 22, 0, 0, 0, 0, 0, 0, 0, 0, 0, 0, 0, 0, 2, 2, 26
"c:\Users\dell\Documents\AqwaValley\src\trpc\react.tsx", "TypeScript JSX", 0, 0, 0, 0, 0, 0, 0, 0, 55, 0, 0, 0, 0, 12, 12, 79
"c:\Users\dell\Documents\AqwaValley\src\trpc\server.ts", "TypeScript", 20, 0, 0, 0, 0, 0, 0, 0, 0, 0, 0, 0, 0, 4, 7, 31
"c:\Users\dell\Documents\AqwaValley\src\types\css.d.ts", "TypeScript", 11, 0, 0, 0, 0, 0, 0, 0, 0, 0, 0, 0, 0, 3, 4, 18
"c:\Users\dell\Documents\AqwaValley\start-database.sh", "Shell Script", 0, 0, 0, 62, 0, 0, 0, 0, 0, 0, 0, 0, 0, 14, 13, 89
"c:\Users\dell\Documents\AqwaValley\tsconfig.json", "JSON with Comments", 0, 0, 35, 0, 0, 0, 0, 0, 0, 0, 0, 0, 0, 4, 4, 43
"c:\Users\dell\Documents\AqwaValley\vercel.json", "JSON", 0, 1, 0, 0, 0, 0, 0, 0, 0, 0, 0, 0, 0, 0, 1, 2
"Total", "-", 18317, 24147, 35, 62, 990, 8036, 293, 3096, 6485, 10, 511, 457, 0, 2041, 6663, 71143